{"u": 5, "t": 2, "nrows": 2, "ncols": 3, "mag": 1, "nup": [0.0802782916830127, 0.192621580853248, 0.010279385242911427, 0.06585703349870008, 0.11427832711491018, 0.25861901420326, 0.3942053033283763, 0.007337047844319126, 0.02329343763114182, 0.10765419163238882, 0.2365417214756213, 0.028888980604570826, 0.04660027080397076, 0.016684592622495206, 0.2809276210440016, 0.13504456250262248, 0.36780820156724936, 0.13308043634720043], "ndown": [0.5577422204213395, 0.26568052839245915, 0.7295580206337444, 0.8813529953639985, 0.12141371493580899, 0.9643864737525079, 0.5365499032814618, 0.573200584410124, 0.9798397011900737, 0.943350039954738, 0.9725597834492435, 0.4697644327178605, 0.6145668094906664, 0.9711116370686994, 0.8107570989930848, 0.3563057048424255, 0.8189019739556819, 0.4329583771460832], "allow_fractions": true, "kmesh": [[0.0, 0.0], [0.2, 0.0], [0.4, 0.0], [0.6000000000000001, 0.0], [0.8, 0.0], [0.0, 0.25], [0.2, 0.25], [0.4, 0.25], [0.6000000000000001, 0.25], [0.8, 0.25], [0.0, 0.5], [0.2, 0.5], [0.4, 0.5], [0.6000000000000001, 0.5], [0.8, 0.5], [0.0, 0.75], [0.2, 0.75], [0.4, 0.75], [0.6000000000000001, 0.75], [0.8, 0.75]]}